{"cameraMode":{"drawMode":0,"name":"Shaded","section":"Shading Mode"},"sceneLighting":true,"audioPlay":false,"sceneViewState":{"m_AlwaysRefresh":false,"showFog":true,"showSkybox":true,"showFlares":true,"showImageEffects":true,"showParticleSystems":true,"showVisualEffectGraphs":true,"m_FxEnabled":true},"in2DMode":false,"pivot":{"x":5.537757873535156,"y":5.089285373687744,"z":8.361610412597657},"rotation":{"x":-0.10625143349170685,"y":0.030122771859169008,"z":-0.003209216520190239,"w":-0.9938846826553345},"size":13.03442668914795,"orthographic":false}