{"cameraMode":{"drawMode":0,"name":"Shaded","section":"Shading Mode"},"sceneLighting":true,"audioPlay":false,"sceneViewState":{"m_AlwaysRefresh":false,"showFog":true,"showSkybox":true,"showFlares":true,"showImageEffects":true,"showParticleSystems":true,"showVisualEffectGraphs":true,"m_FxEnabled":true},"in2DMode":false,"pivot":{"x":8.389466285705567,"y":15.65311050415039,"z":-14.890289306640625},"rotation":{"x":-0.039142049849033359,"y":-0.9593214392662048,"z":0.1680324375629425,"w":-0.22349601984024049},"size":3.1024694442749025,"orthographic":false}