{"cameraMode":{"drawMode":0,"name":"Shaded","section":"Shading Mode"},"sceneLighting":true,"audioPlay":false,"sceneViewState":{"m_AlwaysRefresh":false,"showFog":true,"showSkybox":true,"showFlares":true,"showImageEffects":true,"showParticleSystems":true,"showVisualEffectGraphs":true,"m_FxEnabled":true},"in2DMode":false,"pivot":{"x":-0.034642934799194339,"y":1.8451998233795167,"z":-0.10810878127813339},"rotation":{"x":-0.06794223934412003,"y":-0.5161029696464539,"z":0.041120678186416629,"w":-0.8528420925140381},"size":2.5007824897766115,"orthographic":false}