{"cameraMode":{"drawMode":0,"name":"Shaded","section":"Shading Mode"},"sceneLighting":false,"audioPlay":false,"sceneViewState":{"m_AlwaysRefresh":false,"showFog":true,"showSkybox":false,"showFlares":true,"showImageEffects":true,"showParticleSystems":true,"showVisualEffectGraphs":true,"m_FxEnabled":true},"in2DMode":false,"pivot":{"x":521.3388061523438,"y":268.8572998046875,"z":107.02881622314453},"rotation":{"x":0.04827320948243141,"y":0.15666265785694123,"z":-0.007665714249014854,"w":0.9864466190338135},"size":273.4183349609375,"orthographic":false}