{"cameraMode":{"drawMode":0,"name":"Shaded","section":"Shading Mode"},"sceneLighting":false,"audioPlay":false,"sceneViewState":{"m_AlwaysRefresh":false,"showFog":true,"showSkybox":false,"showFlares":true,"showImageEffects":true,"showParticleSystems":true,"showVisualEffectGraphs":true,"m_FxEnabled":true},"in2DMode":false,"pivot":{"x":-0.3917108476161957,"y":2.421753168106079,"z":0.9188998937606812},"rotation":{"x":-0.003893619403243065,"y":-0.042893584817647937,"z":0.00017031865718308836,"w":-0.9990795254707336},"size":1.5575774908065797,"orthographic":false}