{"cameraMode":{"drawMode":0,"name":"Shaded","section":"Shading Mode"},"sceneLighting":false,"audioPlay":false,"sceneViewState":{"m_AlwaysRefresh":false,"showFog":true,"showSkybox":false,"showFlares":true,"showImageEffects":true,"showParticleSystems":true,"showVisualEffectGraphs":true,"m_FxEnabled":true},"in2DMode":false,"pivot":{"x":2.1134185791015627,"y":-2.777822494506836,"z":-0.6003265380859375},"rotation":{"x":-0.04161624610424042,"y":-0.3471636176109314,"z":0.015425908379256726,"w":-0.9367619752883911},"size":115.75061798095703,"orthographic":false}