{"cameraMode":{"drawMode":0,"name":"Shaded","section":"Shading Mode"},"sceneLighting":false,"audioPlay":false,"sceneViewState":{"m_AlwaysRefresh":false,"showFog":true,"showSkybox":false,"showFlares":true,"showImageEffects":true,"showParticleSystems":true,"showVisualEffectGraphs":true,"m_FxEnabled":true},"in2DMode":false,"pivot":{"x":132.52491760253907,"y":1.600000023841858,"z":-59.589691162109378},"rotation":{"x":0.007330073043704033,"y":-0.580119788646698,"z":0.00522218132391572,"w":0.8145077228546143},"size":1.6991246938705445,"orthographic":false}